<configuration>
    <appender name="FILE" class="ch.qos.logback.core.FileAppender">
        <file>${user.home}/server.log</file>
        <append>false</append>
        <encoder>
            <pattern>%d{HH:mm:ss.SSS} [%t] %-5level %logger{36} - %msg%n</pattern>
        </encoder>
    </appender>
    <appender name="STDOUT" class="ch.qos.logback.core.ConsoleAppender">
        <encoder>
            <pattern>%d{HH:mm:ss.SSS} [%t] %-5level %logger{36} - %msg%n</pattern>
        </encoder>
    </appender>

    <logger name="com.itmo.server" level="INFO" additivity="false">
        <appender-ref ref="FILE" />
        <appender-ref ref="STDOUT" />
    </logger>

</configuration>